#,Time,Latitude,Longitude,Lap Lenght,Garmin Lap Lenght,Distance,Garmin Distance,Garmin Lap Delta,Garmin Total Delta
1,1363923248,45.659947,9.263031,0.002782,0.001560,0.002782,0.001560,-43.919565,-43.919565
2,1363923250,45.659872,9.263073,0.008997,0.008770,0.011779,0.010330,-2.523798,-12.299964
3,1363923254,45.659778,9.263176,0.013129,0.013210,0.024908,0.023540,0.613575,-5.493075
4,1363923255,45.659759,9.263213,0.003562,0.003530,0.028470,0.027070,-0.896505,-4.917993
5,1363923260,45.659661,9.263356,0.015592,0.015600,0.044063,0.042670,0.048438,-3.160521
6,1363923266,45.659553,9.263484,0.015573,0.015590,0.059636,0.058260,0.107078,-2.307220
7,1363923271,45.659484,9.263665,0.015969,0.016830,0.075605,0.075090,5.390597,-0.681302
8,1363923272,45.659496,9.263697,0.002815,0.002820,0.078420,0.077910,0.166022,-0.650883
9,1363923275,45.659557,9.263776,0.009192,0.009170,0.087613,0.087080,-0.242820,-0.608069
10,1363923280,45.659618,9.263927,0.013513,0.013660,0.101126,0.100740,1.086451,-0.381635
11,1363923285,45.659707,9.264051,0.013827,0.014110,0.114953,0.114850,2.049385,-0.089228
12,1363923291,45.659818,9.264211,0.017539,0.017570,0.132492,0.132420,0.176053,-0.054111
13,1363923298,45.659929,9.264390,0.018558,0.018630,0.151049,0.151050,0.389299,0.000366
14,1363923305,45.660036,9.264591,0.019669,0.019710,0.170718,0.170760,0.210745,0.024604
15,1363923310,45.660127,9.264765,0.016851,0.017010,0.187569,0.187770,0.945867,0.107367
16,1363923314,45.660183,9.264888,0.011466,0.011640,0.199034,0.199410,1.521285,0.188818
17,1363923315,45.660199,9.264921,0.003134,0.003140,0.202168,0.202550,0.185161,0.188761
18,1363923319,45.660225,9.265081,0.012756,0.012870,0.214924,0.215420,0.893170,0.230569
19,1363923321,45.660212,9.265173,0.007263,0.007230,0.222188,0.222650,-0.456104,0.208122
20,1363923323,45.660174,9.265241,0.006727,0.006730,0.228915,0.229380,0.042062,0.203242
21,1363923328,45.660065,9.265348,0.014770,0.014760,0.243685,0.244140,-0.070996,0.186619
22,1363923332,45.659991,9.265422,0.010039,0.010000,0.253724,0.254140,-0.388012,0.163883
23,1363923336,45.659915,9.265504,0.010508,0.010530,0.264232,0.264670,0.212870,0.165831
24,1363923343,45.659757,9.265666,0.021582,0.021640,0.285814,0.286310,0.266386,0.173424
25,1363923348,45.659647,9.265796,0.015923,0.015910,0.301738,0.302220,-0.084711,0.159802
26,1363923352,45.659578,9.265881,0.010130,0.010140,0.311867,0.312360,0.103155,0.157962
27,1363923356,45.659516,9.265980,0.010263,0.010250,0.322130,0.322610,-0.128029,0.148850
28,1363923360,45.659428,9.266089,0.012983,0.013020,0.335113,0.335630,0.285149,0.154131
29,1363923366,45.659320,9.266240,0.016828,0.016860,0.351942,0.352490,0.189417,0.155818
30,1363923372,45.659213,9.266398,0.017058,0.017090,0.369000,0.369580,0.187748,0.157294
31,1363923378,45.659082,9.266545,0.018507,0.018580,0.387507,0.388160,0.392465,0.168526
32,1363923381,45.659014,9.266613,0.009248,0.009240,0.396754,0.397400,-0.081378,0.162701
33,1363923382,45.659003,9.266628,0.001679,0.001670,0.398433,0.399070,-0.535811,0.159758
34,1363923386,45.658920,9.266694,0.010510,0.010640,0.408944,0.409710,1.234665,0.187384
35,1363923391,45.658794,9.266845,0.018310,0.018460,0.427254,0.428170,0.818474,0.214429
36,1363923398,45.658676,9.267072,0.022050,0.022010,0.449304,0.450180,-0.180789,0.195034
37,1363923403,45.658581,9.267223,0.015684,0.015710,0.464987,0.465890,0.167525,0.194106
38,1363923409,45.658476,9.267394,0.017753,0.017780,0.482740,0.483670,0.151779,0.192549
39,1363923415,45.658376,9.267546,0.016242,0.016280,0.498983,0.499950,0.233878,0.193895
40,1363923420,45.658329,9.267737,0.015701,0.015910,0.514683,0.515860,1.332010,0.228614
41,1363923424,45.658384,9.267865,0.011737,0.011830,0.526420,0.527690,0.791653,0.241167
42,1363923426,45.658435,9.267885,0.005876,0.005900,0.532296,0.533590,0.408635,0.243016
43,1363923428,45.658483,9.267857,0.005826,0.005940,0.538122,0.539530,1.961065,0.261616
44,1363923430,45.658519,9.267797,0.006155,0.006140,0.544277,0.545670,-0.241424,0.255927
45,1363923433,45.658586,9.267721,0.009529,0.009550,0.553806,0.555220,0.222837,0.255358
46,1363923440,45.658734,9.267552,0.021075,0.021110,0.574881,0.576330,0.166389,0.252096
47,1363923445,45.658839,9.267427,0.015121,0.015180,0.590002,0.591510,0.390511,0.255644
48,1363923451,45.658952,9.267269,0.017568,0.017610,0.607570,0.609120,0.236608,0.255093
49,1363923456,45.659059,9.267134,0.015893,0.015940,0.623463,0.625060,0.294195,0.256090
50,1363923462,45.659196,9.267005,0.018252,0.018190,0.641716,0.643250,-0.341796,0.239084
51,1363923467,45.659327,9.266930,0.015687,0.015930,0.657403,0.659180,1.548204,0.270323
52,1363923472,45.659440,9.266895,0.012867,0.012450,0.670270,0.671630,-3.240348,0.202930
53,1363923476,45.659521,9.266939,0.009561,0.009570,0.679831,0.681200,0.090579,0.201349
54,1363923477,45.659542,9.266950,0.002450,0.002450,0.682281,0.683650,-0.000045,0.200626
55,1363923478,45.659561,9.266956,0.002223,0.002110,0.684504,0.685760,-5.079284,0.183480
56,1363923480,45.659607,9.266970,0.005198,0.005160,0.689702,0.690920,-0.739496,0.176523
57,1363923481,45.659630,9.266960,0.002707,0.002700,0.692409,0.693620,-0.251221,0.174851
58,1363923482,45.659656,9.266952,0.002966,0.002960,0.695375,0.696580,-0.187343,0.173307
59,1363923486,45.659782,9.266885,0.014965,0.014600,0.710340,0.711180,-2.439197,0.118268
60,1363923487,45.659816,9.266866,0.004051,0.004040,0.714391,0.715220,-0.278047,0.116021
61,1363923488,45.659848,9.266854,0.003694,0.003690,0.718085,0.718910,-0.111740,0.114849
62,1363923489,45.659879,9.266832,0.003785,0.003780,0.721870,0.722690,-0.121259,0.113611
63,1363923490,45.659904,9.266801,0.003712,0.003660,0.725582,0.726350,-1.409561,0.105818
64,1363923491,45.659938,9.266771,0.004411,0.004400,0.729993,0.730750,-0.250442,0.103665
65,1363923492,45.659964,9.266743,0.003655,0.003620,0.733648,0.734370,-0.956821,0.098382
66,1363923493,45.659987,9.266723,0.002985,0.002950,0.736633,0.737320,-1.162793,0.093272
67,1363923494,45.660008,9.266716,0.002447,0.002370,0.739080,0.739690,-3.136542,0.082580
68,1363923495,45.660027,9.266714,0.002052,0.001920,0.741132,0.741610,-6.428203,0.064554
69,1363923496,45.660049,9.266729,0.002747,0.002760,0.743879,0.744370,0.467916,0.066044
70,1363923499,45.660081,9.266810,0.007234,0.007180,0.751113,0.751550,-0.744989,0.058233
71,1363923501,45.660107,9.266879,0.006135,0.006080,0.757247,0.757630,-0.892836,0.050528
72,1363923503,45.660136,9.266946,0.006057,0.006040,0.763305,0.763670,-0.287452,0.047845
73,1363923505,45.660151,9.267008,0.005128,0.005140,0.768433,0.768810,0.229015,0.049054
74,1363923509,45.660197,9.267139,0.011422,0.011440,0.779855,0.780250,0.160566,0.050688
75,1363923513,45.660235,9.267280,0.011682,0.011720,0.791536,0.791970,0.328693,0.054790
76,1363923515,45.660260,9.267352,0.006296,0.006310,0.797832,0.798280,0.221894,0.056109
77,1363923518,45.660260,9.267438,0.006668,0.007780,0.804501,0.806060,16.673898,0.193846
78,1363923519,45.660234,9.267457,0.003279,0.003200,0.807779,0.809260,-2.400186,0.183317
79,1363923522,45.660162,9.267493,0.008520,0.008490,0.816299,0.817750,-0.350573,0.177745
80,1363923525,45.660094,9.267563,0.009216,0.009180,0.825515,0.826930,-0.387460,0.171435
81,1363923529,45.660005,9.267586,0.010100,0.009970,0.835615,0.836900,-1.289257,0.153780
82,1363923534,45.659865,9.267670,0.016913,0.016880,0.852528,0.853780,-0.193409,0.146892
83,1363923537,45.659821,9.267741,0.007322,0.007930,0.859849,0.861710,8.308265,0.216387
84,1363923538,45.659821,9.267777,0.002829,0.002830,0.862678,0.864540,0.031673,0.215781
85,1363923542,45.659840,9.267959,0.014241,0.014440,0.876920,0.878980,1.394581,0.234925
86,1363923544,45.659838,9.268031,0.005663,0.005920,0.882583,0.884900,4.538805,0.262540
87,1363923546,45.659805,9.268077,0.005110,0.005170,0.887692,0.890070,1.181925,0.267832
88,1363923550,45.659708,9.268152,0.012300,0.012320,0.899993,0.902390,0.158744,0.266342
89,1363923555,45.659569,9.268226,0.016457,0.016520,0.916450,0.918910,0.380215,0.268386
90,1363923556,45.659548,9.268248,0.002863,0.002850,0.919313,0.921760,-0.440526,0.266179
91,1363923560,45.659460,9.268326,0.011581,0.011580,0.930894,0.933340,-0.010788,0.262733
92,1363923565,45.659354,9.268419,0.013830,0.013850,0.944725,0.947190,0.141570,0.260959
93,1363923570,45.659248,9.268535,0.014832,0.014900,0.959556,0.962090,0.461787,0.264064
94,1363923575,45.659134,9.268653,0.015646,0.015700,0.975202,0.977790,0.346337,0.265384
95,1363923581,45.659009,9.268787,0.017304,0.017360,0.992506,0.995150,0.323918,0.266404
96,1363923583,45.658973,9.268838,0.005680,0.005710,0.998186,1.000860,0.535208,0.267934
97,1363923583,45.658973,9.268838,0.000000,0.000000,0.998186,1.000860,0.000000,0.267934
98,1363923586,45.658947,9.268948,0.008991,0.009090,1.007177,1.009950,1.099724,0.275359
99,1363923587,45.658954,9.268987,0.003166,0.003160,1.010343,1.013110,-0.205864,0.273851
100,1363923592,45.659007,9.269174,0.015662,0.015710,1.026005,1.028820,0.308327,0.274377
101,1363923595,45.659060,9.269275,0.009840,0.009940,1.035845,1.038760,1.012587,0.281390
102,1363923597,45.659101,9.269344,0.007056,0.007050,1.042902,1.045810,-0.088380,0.278888
103,1363923603,45.659200,9.269554,0.019648,0.019670,1.062550,1.065480,0.109625,0.275758
104,1363923608,45.659306,9.269758,0.019783,0.019820,1.082332,1.085300,0.189645,0.274184
105,1363923613,45.659395,9.269963,0.018788,0.018860,1.101120,1.104160,0.385062,0.276076
106,1363923619,45.659500,9.270213,0.022628,0.022750,1.123748,1.126910,0.537832,0.281347
107,1363923623,45.659521,9.270372,0.012570,0.012680,1.136318,1.139590,0.874176,0.287905
108,1363923627,45.659440,9.270489,0.012827,0.014000,1.149145,1.153590,9.147408,0.386794
109,1363923632,45.659299,9.270566,0.016796,0.016760,1.165942,1.170350,-0.216608,0.378102
110,1363923638,45.659138,9.270687,0.020209,0.020260,1.186151,1.190610,0.251414,0.375943
111,1363923643,45.659012,9.270775,0.015611,0.015600,1.201761,1.206210,-0.068458,0.370170
112,1363923648,45.658888,9.270867,0.015498,0.015530,1.217259,1.221740,0.208024,0.368106
113,1363923655,45.658716,9.270978,0.020947,0.020910,1.238207,1.242650,-0.178625,0.358857
114,1363923662,45.658554,9.271083,0.019857,0.019750,1.258064,1.262400,-0.540797,0.344656
115,1363923667,45.658435,9.271180,0.015140,0.015110,1.273204,1.277510,-0.199371,0.338187
116,1363923672,45.658304,9.271273,0.016319,0.016330,1.289523,1.293840,0.068914,0.334780
117,1363923678,45.658149,9.271409,0.020175,0.020180,1.309698,1.314020,0.026224,0.330027
118,1363923683,45.658020,9.271496,0.015911,0.015950,1.325609,1.329970,0.242969,0.328982
119,1363923689,45.657863,9.271607,0.019496,0.019500,1.345104,1.349470,0.023014,0.324547
120,1363923694,45.657722,9.271720,0.017888,0.017880,1.362992,1.367350,-0.041908,0.319738
121,1363923699,45.657616,9.271910,0.018970,0.019330,1.381962,1.386680,1.897025,0.341389
122,1363923704,45.657496,9.272124,0.021332,0.021490,1.403294,1.408170,0.742112,0.347481
123,1363923705,45.657470,9.272159,0.003873,0.003870,1.407167,1.412040,-0.076034,0.346315
124,1363923711,45.657323,9.272357,0.022509,0.022570,1.429675,1.434610,0.272456,0.345152
125,1363923716,45.657195,9.272531,0.019574,0.019620,1.449249,1.454230,0.235125,0.343666
126,1363923722,45.657036,9.272732,0.023690,0.023720,1.472940,1.477950,0.125146,0.340151
127,1363923728,45.656883,9.272927,0.022715,0.022750,1.495655,1.500700,0.154705,0.337335
128,1363923733,45.656768,9.273075,0.017258,0.017280,1.512912,1.517980,0.128915,0.334958
129,1363923739,45.656621,9.273283,0.022949,0.022980,1.535862,1.540960,0.133539,0.331948
130,1363923740,45.656599,9.273315,0.003531,0.003540,1.539393,1.544500,0.260173,0.331783
131,1363923745,45.656497,9.273475,0.016776,0.016820,1.556168,1.561320,0.264364,0.331057
132,1363923750,45.656400,9.273623,0.015812,0.015830,1.571980,1.577150,0.113633,0.328870
133,1363923756,45.656294,9.273775,0.016653,0.016690,1.588633,1.593840,0.224586,0.327776
134,1363923762,45.656182,9.273958,0.018892,0.018920,1.607524,1.612760,0.150415,0.325692
135,1363923768,45.656070,9.274123,0.017894,0.017950,1.625418,1.630710,0.314227,0.325566
136,1363923772,45.655983,9.274246,0.013580,0.013640,1.638998,1.644350,0.442980,0.326539
137,1363923777,45.655879,9.274392,0.016213,0.016230,1.655211,1.660580,0.107421,0.324392
138,1363923783,45.655759,9.274564,0.018923,0.018960,1.674134,1.679540,0.193597,0.322914
139,1363923789,45.655635,9.274744,0.019626,0.019670,1.693760,1.699210,0.224804,0.321777
140,1363923794,45.655512,9.274899,0.018196,0.018210,1.711956,1.717420,0.078239,0.319189
141,1363923799,45.655389,9.275022,0.016755,0.016780,1.728711,1.734200,0.148013,0.317530
142,1363923805,45.655240,9.275175,0.020380,0.020420,1.749091,1.754620,0.195338,0.316106
143,1363923811,45.655084,9.275308,0.020113,0.020120,1.769204,1.774740,0.037038,0.312933
144,1363923818,45.654911,9.275453,0.022369,0.022380,1.791572,1.797120,0.050963,0.309663
145,1363923824,45.654759,9.275579,0.019538,0.019540,1.811110,1.816660,0.012986,0.306462
146,1363923829,45.654641,9.275669,0.014819,0.014830,1.825929,1.831490,0.074340,0.304578
147,1363923836,45.654462,9.275808,0.022658,0.022680,1.848587,1.854170,0.097249,0.302037
148,1363923841,45.654318,9.275925,0.018474,0.018480,1.867061,1.872650,0.032306,0.299368
149,1363923847,45.654149,9.276051,0.021140,0.021150,1.888200,1.893800,0.049619,0.296572
150,1363923853,45.654012,9.276160,0.017408,0.017430,1.905608,1.911230,0.127317,0.295026
151,1363923859,45.653873,9.276268,0.017608,0.017630,1.923216,1.928860,0.122364,0.293445
152,1363923864,45.653752,9.276360,0.015287,0.015300,1.938504,1.944160,0.082897,0.291785
153,1363923869,45.653613,9.276472,0.017706,0.017720,1.956210,1.961880,0.078470,0.289854
154,1363923870,45.653582,9.276493,0.003764,0.003760,1.959974,1.965640,-0.104967,0.289096
155,1363923876,45.653418,9.276618,0.020716,0.020720,1.980690,1.986360,0.016837,0.286248
156,1363923880,45.653326,9.276678,0.011207,0.011230,1.991897,1.997590,0.205278,0.285792
157,1363923881,45.653299,9.276709,0.003863,0.003860,1.995760,2.001450,-0.080714,0.285083
158,1363923881,45.653299,9.276709,0.000000,0.000000,1.995760,2.001450,0.000000,0.285083
159,1363923884,45.653224,9.276762,0.009335,0.009380,2.005095,2.010830,0.483060,0.286005
160,1363923889,45.653081,9.276880,0.018374,0.018380,2.023469,2.029210,0.034656,0.283722
161,1363923895,45.652913,9.276984,0.020334,0.020320,2.043803,2.049530,-0.069792,0.280205
162,1363923900,45.652785,9.277068,0.015689,0.015730,2.059492,2.065260,0.261605,0.280064
163,1363923905,45.652635,9.277195,0.019309,0.019320,2.078801,2.084580,0.058143,0.278002
164,1363923910,45.652481,9.277314,0.019515,0.019560,2.098316,2.104140,0.229727,0.277553
165,1363923915,45.652336,9.277410,0.017736,0.017740,2.116052,2.121880,0.023018,0.275420
166,1363923921,45.652162,9.277549,0.022156,0.022120,2.138208,2.144000,-0.161186,0.270896
167,1363923926,45.652016,9.277672,0.018811,0.018830,2.157018,2.162830,0.103396,0.269435
168,1363923931,45.651874,9.277773,0.017641,0.017670,2.174659,2.180500,0.166755,0.268602
169,1363923937,45.651696,9.277886,0.021699,0.021760,2.196357,2.202260,0.283353,0.268748
170,1363923942,45.651535,9.277979,0.019337,0.019310,2.215695,2.221570,-0.141589,0.265167
171,1363923946,45.651403,9.278090,0.016993,0.017010,2.232687,2.238580,0.103011,0.263933
172,1363923951,45.651246,9.278242,0.021034,0.021010,2.253721,2.259590,-0.112485,0.260419
173,1363923952,45.651216,9.278258,0.003618,0.003600,2.257339,2.263190,-0.492223,0.259213
174,1363923957,45.651074,9.278393,0.018903,0.018930,2.276242,2.282120,0.144149,0.258258
175,1363923962,45.650925,9.278516,0.019162,0.019160,2.295403,2.301280,-0.008851,0.256028
176,1363923966,45.650814,9.278646,0.015900,0.015910,2.311303,2.317190,0.064221,0.254709
177,1363923967,45.650789,9.278680,0.003857,0.003860,2.315160,2.321050,0.077932,0.254414
178,1363923971,45.650697,9.278784,0.013039,0.013050,2.328199,2.334100,0.082483,0.253451
179,1363923976,45.650562,9.278935,0.019017,0.019040,2.347216,2.353140,0.120459,0.252374
180,1363923982,45.650395,9.279109,0.022996,0.023020,2.370212,2.376160,0.106525,0.250959
181,1363923987,45.650249,9.279269,0.020468,0.020480,2.390680,2.396640,0.057093,0.249299
182,1363923988,45.650221,9.279303,0.004067,0.004080,2.394747,2.400720,0.323014,0.249424
183,1363923990,45.650184,9.279368,0.006545,0.006680,2.401292,2.407400,2.063213,0.254368
184,1363923992,45.650187,9.279449,0.006327,0.006310,2.407619,2.413710,-0.268790,0.252993
185,1363923996,45.650234,9.279582,0.011559,0.011490,2.419178,2.425200,-0.599820,0.248918
186,1363923997,45.650229,9.279603,0.001773,0.001780,2.420951,2.426980,0.381662,0.249015
187,1363923999,45.650190,9.279640,0.005186,0.005190,2.426137,2.432170,0.080979,0.248656
188,1363924004,45.650061,9.279750,0.016690,0.016770,2.442827,2.448940,0.481937,0.250250
189,1363924010,45.649924,9.279861,0.017596,0.017610,2.460423,2.466550,0.078571,0.249022
190,1363924016,45.649778,9.279979,0.018565,0.018560,2.478988,2.485110,-0.028235,0.246946
191,1363924023,45.649616,9.280140,0.021942,0.021970,2.500931,2.507080,0.125379,0.245879
192,1363924028,45.649506,9.280238,0.014414,0.014400,2.515344,2.521480,-0.095537,0.243923
193,1363924034,45.649358,9.280373,0.019567,0.019540,2.534911,2.541020,-0.136825,0.240984
194,1363924039,45.649217,9.280463,0.017141,0.017230,2.552052,2.558250,0.518162,0.242845
195,1363924041,45.649180,9.280506,0.005291,0.005390,2.557343,2.563640,1.868761,0.246209
196,1363924043,45.649155,9.280576,0.006158,0.006200,2.563502,2.569840,0.683213,0.247259
197,1363924049,45.649064,9.280814,0.021040,0.021200,2.584542,2.591040,0.759412,0.251428
198,1363924054,45.649012,9.281028,0.017618,0.017700,2.602160,2.608740,0.463947,0.252867
199,1363924060,45.648970,9.281228,0.016209,0.016280,2.618369,2.625020,0.437046,0.254007
200,1363924065,45.648936,9.281418,0.015314,0.015400,2.633683,2.640420,0.563238,0.255805
201,1363924070,45.648885,9.281611,0.016020,0.016090,2.649703,2.656510,0.435596,0.256892
202,1363924075,45.648817,9.281768,0.014252,0.014380,2.663955,2.670890,0.899366,0.260330
203,1363924079,45.648803,9.281956,0.014733,0.014830,2.678688,2.685720,0.658459,0.262519
204,1363924083,45.648795,9.282137,0.014064,0.014110,2.692752,2.699830,0.325255,0.262847
205,1363924087,45.648837,9.282240,0.009329,0.009730,2.702082,2.709560,4.294181,0.276766
206,1363924093,45.648957,9.282310,0.014398,0.014400,2.716480,2.723960,0.010133,0.275352
207,1363924100,45.649121,9.282343,0.018327,0.018250,2.734807,2.742210,-0.422364,0.270677
208,1363924105,45.649246,9.282346,0.013968,0.013710,2.748776,2.755920,-1.849450,0.259903
209,1363924110,45.649383,9.282372,0.015387,0.015390,2.764163,2.771310,0.019142,0.258563
210,1363924116,45.649509,9.282417,0.014451,0.014440,2.778614,2.785750,-0.079205,0.256806
211,1363924121,45.649645,9.282418,0.015078,0.015080,2.793693,2.800830,0.012493,0.255487
212,1363924128,45.649823,9.282414,0.019839,0.019760,2.813532,2.820590,-0.398359,0.250877
213,1363924133,45.649931,9.282423,0.012027,0.011960,2.825558,2.832550,-0.555659,0.247444
214,1363924138,45.650034,9.282411,0.011491,0.011420,2.837049,2.843970,-0.618530,0.243937
215,1363924145,45.650214,9.282421,0.019974,0.019960,2.857023,2.863930,-0.068912,0.241749
216,1363924150,45.650319,9.282421,0.011653,0.011810,2.868676,2.875740,1.345787,0.246234
217,1363924156,45.650426,9.282453,0.012196,0.012150,2.880872,2.887890,-0.375683,0.243601
218,1363924162,45.650542,9.282498,0.013338,0.013350,2.894210,2.901240,0.087663,0.242883
219,1363924164,45.650581,9.282503,0.004396,0.004500,2.898607,2.905740,2.359140,0.246092
220,1363924167,45.650653,9.282519,0.008099,0.008100,2.906705,2.913840,0.019633,0.245462
221,1363924173,45.650787,9.282531,0.014908,0.014920,2.921613,2.928760,0.079489,0.244615
222,1363924178,45.650904,9.282539,0.013024,0.013080,2.934637,2.941840,0.431148,0.245442
223,1363924183,45.651005,9.282556,0.011281,0.011370,2.945918,2.953210,0.791497,0.247533
224,1363924187,45.651075,9.282552,0.007836,0.007740,2.953754,2.960950,-1.228820,0.243617
225,1363924188,45.651096,9.282556,0.002332,0.002320,2.956086,2.963270,-0.496220,0.243033
226,1363924194,45.651221,9.282597,0.014292,0.014370,2.970378,2.977640,0.543579,0.244479
227,1363924196,45.651252,9.282595,0.003486,0.003580,2.973864,2.981220,2.690975,0.247347
228,1363924198,45.651300,9.282594,0.005249,0.005290,2.979113,2.986510,0.786284,0.248297
229,1363924204,45.651427,9.282663,0.015132,0.015220,2.994245,3.001730,0.584121,0.249994
230,1363924204,45.651427,9.282663,0.000000,0.000000,2.994245,3.001730,0.000000,0.249994
231,1363924209,45.651481,9.282750,0.009106,0.010170,3.003351,3.011900,11.680782,0.284652
232,1363924212,45.651397,9.282664,0.011554,0.011540,3.014905,3.023440,-0.118769,0.283106
233,1363924218,45.651232,9.282586,0.019232,0.019220,3.034137,3.042660,-0.062396,0.280916
234,1363924220,45.651175,9.282585,0.006428,0.006440,3.040564,3.049100,0.196791,0.280739
235,1363924224,45.651058,9.282573,0.013025,0.013020,3.053589,3.062120,-0.038457,0.279377
236,1363924229,45.650904,9.282552,0.017156,0.017160,3.070745,3.079280,0.023440,0.277947
237,1363924234,45.650755,9.282523,0.016772,0.016840,3.087517,3.096120,0.408218,0.278655
238,1363924239,45.650619,9.282503,0.015134,0.015150,3.102651,3.111270,0.103425,0.277800
239,1363924244,45.650490,9.282494,0.014363,0.014380,3.117014,3.125650,0.116570,0.277057
240,1363924249,45.650368,9.282466,0.013832,0.013890,3.130846,3.139540,0.420123,0.277689
241,1363924251,45.650319,9.282460,0.005446,0.005460,3.136292,3.145000,0.262662,0.277663
242,1363924254,45.650246,9.282501,0.008681,0.008700,3.144973,3.153700,0.213297,0.277485
243,1363924255,45.650218,9.282502,0.003192,0.003190,3.148165,3.156890,-0.066404,0.277137
244,1363924258,45.650112,9.282461,0.012143,0.012260,3.160309,3.169150,0.959641,0.279759
245,1363924261,45.650024,9.282460,0.009764,0.009760,3.170072,3.178910,-0.035963,0.278787
246,1363924263,45.649960,9.282470,0.007224,0.007220,3.177296,3.186130,-0.059838,0.278017
247,1363924269,45.649794,9.282455,0.018486,0.018570,3.195782,3.204700,0.457302,0.279054
248,1363924274,45.649646,9.282419,0.016682,0.016570,3.212464,3.221270,-0.671558,0.274117
249,1363924279,45.649482,9.282389,0.018322,0.018270,3.230787,3.239540,-0.286256,0.270939
250,1363924284,45.649337,9.282357,0.016400,0.016190,3.247187,3.255730,-1.283767,0.263087
251,1363924291,45.649138,9.282362,0.022099,0.022120,3.269286,3.277850,0.096828,0.261963
252,1363924292,45.649110,9.282342,0.003530,0.003520,3.272816,3.281370,-0.288909,0.261369
253,1363924295,45.649019,9.282267,0.011636,0.011640,3.284452,3.293010,0.036973,0.260574
254,1363924298,45.648922,9.282204,0.011892,0.011870,3.296344,3.304880,-0.190046,0.258948
255,1363924300,45.648873,9.282158,0.006469,0.006480,3.302813,3.311360,0.178404,0.258791
256,1363924304,45.648769,9.282031,0.015196,0.015310,3.318009,3.326670,0.746616,0.261025
257,1363924305,45.648759,9.281986,0.003691,0.003700,3.321701,3.330370,0.235632,0.260997
258,1363924309,45.648777,9.281773,0.016700,0.016960,3.338400,3.347330,1.559619,0.267493
259,1363924310,45.648787,9.281735,0.003172,0.003160,3.341572,3.350490,-0.384159,0.266874
260,1363924314,45.648860,9.281615,0.012318,0.012370,3.353891,3.362860,0.420217,0.267437
261,1363924319,45.648933,9.281437,0.016060,0.016150,3.369951,3.379010,0.556676,0.268816
262,1363924324,45.649001,9.281240,0.017103,0.017140,3.387054,3.396150,0.214907,0.268544
263,1363924328,45.649044,9.281080,0.013285,0.013340,3.400339,3.409490,0.415529,0.269118
264,1363924334,45.649108,9.280812,0.022050,0.022070,3.422389,3.431560,0.089310,0.267959
265,1363924335,45.649123,9.280762,0.004241,0.004240,3.426630,3.435800,-0.016503,0.267607
266,1363924340,45.649207,9.280560,0.018188,0.018470,3.444818,3.454270,1.550956,0.274383
267,1363924345,45.649312,9.280441,0.014943,0.015280,3.459761,3.469550,2.255676,0.282940
268,1363924351,45.649416,9.280311,0.015335,0.013900,3.475096,3.483450,-9.360183,0.240386
269,1363924356,45.649484,9.280240,0.009366,0.009250,3.484462,3.492700,-1.233442,0.236425
270,1363924357,45.649499,9.280220,0.002297,0.002300,3.486759,3.495000,0.123674,0.236350
271,1363924360,45.649558,9.280167,0.007714,0.007720,3.494473,3.502720,0.072536,0.235989
272,1363924365,45.649671,9.280103,0.013604,0.013650,3.508077,3.516370,0.342647,0.236402
273,1363924370,45.649766,9.280025,0.012079,0.012140,3.520156,3.528510,0.500627,0.237309
274,1363924373,45.649825,9.279957,0.008454,0.008370,3.528611,3.536880,-0.997329,0.234351
275,1363924375,45.649867,9.279925,0.005266,0.005180,3.533876,3.542060,-1.628202,0.231576
276,1363924380,45.649958,9.279832,0.012454,0.012520,3.546330,3.554580,0.532098,0.232631
277,1363924386,45.650114,9.279715,0.019567,0.019560,3.565897,3.574140,-0.037552,0.231148
278,1363924392,45.650271,9.279602,0.019640,0.019660,3.585537,3.593800,0.104592,0.230455
279,1363924393,45.650281,9.279585,0.001668,0.001670,3.587205,3.595470,0.141420,0.230414
280,1363924395,45.650283,9.279544,0.003226,0.003570,3.590430,3.599040,10.676910,0.239799
281,1363924399,45.650237,9.279406,0.011830,0.011840,3.602260,3.610880,0.084321,0.239288
282,1363924403,45.650242,9.279252,0.011984,0.012590,3.614244,3.623470,5.055087,0.255257
283,1363924407,45.650314,9.279166,0.010426,0.010460,3.624670,3.633930,0.327558,0.255465
284,1363924411,45.650390,9.279090,0.010284,0.010350,3.634954,3.644280,0.645403,0.256568
285,1363924417,45.650508,9.278988,0.015397,0.015490,3.650351,3.659770,0.603818,0.258033
286,1363924422,45.650617,9.278915,0.013356,0.013470,3.663707,3.673240,0.854731,0.260208
287,1363924427,45.650710,9.278819,0.012739,0.012780,3.676445,3.686020,0.325114,0.260433
288,1363924432,45.650796,9.278730,0.011834,0.011870,3.688280,3.697890,0.301470,0.260564
289,1363924437,45.650876,9.278611,0.012825,0.012870,3.701104,3.710760,0.353453,0.260886
290,1363924441,45.650950,9.278487,0.012701,0.012670,3.713805,3.723430,-0.241217,0.259169
291,1363924442,45.650977,9.278474,0.003093,0.003090,3.716898,3.726520,-0.098083,0.258872
292,1363924445,45.651055,9.278443,0.009059,0.009060,3.725957,3.735580,0.006987,0.258260
293,1363924450,45.651165,9.278375,0.013374,0.013410,3.739331,3.748990,0.270410,0.258303
294,1363924455,45.651280,9.278310,0.013696,0.013720,3.753027,3.762710,0.178484,0.258012
295,1363924461,45.651408,9.278206,0.016422,0.016490,3.769449,3.779200,0.412107,0.258683
296,1363924466,45.651528,9.278136,0.014366,0.014500,3.783815,3.793700,0.933157,0.261244
297,1363924471,45.651624,9.278049,0.012612,0.012760,3.796427,3.806460,1.170501,0.264265
298,1363924476,45.651716,9.277924,0.014055,0.013360,3.810482,3.819820,-4.943790,0.245055
299,1363924482,45.651839,9.277795,0.016990,0.016660,3.827472,3.836480,-1.942709,0.235343
300,1363924487,45.651942,9.277716,0.013015,0.013110,3.840487,3.849590,0.731463,0.237025
301,1363924492,45.652051,9.277651,0.013190,0.013170,3.853677,3.862760,-0.153097,0.235689
302,1363924498,45.652184,9.277565,0.016212,0.016190,3.869890,3.878950,-0.138449,0.234122
303,1363924504,45.652337,9.277431,0.019928,0.019690,3.889817,3.898640,-1.192421,0.226814
304,1363924510,45.652473,9.277334,0.016908,0.016910,3.906725,3.915550,0.014567,0.225895
305,1363924515,45.652574,9.277252,0.012888,0.012730,3.919613,3.928280,-1.226349,0.221120
306,1363924520,45.652662,9.277194,0.010767,0.010930,3.930380,3.939210,1.517390,0.224671
307,1363924525,45.652750,9.277130,0.010990,0.011110,3.941369,3.950320,1.094696,0.227097
308,1363924530,45.652833,9.277061,0.010617,0.010750,3.951986,3.961070,1.256016,0.229861
309,1363924531,45.652850,9.277051,0.002144,0.002140,3.954130,3.963210,-0.206858,0.229624
310,1363924536,45.652942,9.276979,0.011652,0.011570,3.965783,3.974780,-0.705865,0.226875
311,1363924541,45.653053,9.276882,0.014444,0.014480,3.980227,3.989260,0.246494,0.226947
312,1363924545,45.653146,9.276803,0.011962,0.012050,3.992189,4.001310,0.733322,0.228464
313,1363924547,45.653195,9.276770,0.006039,0.006070,3.998228,4.007380,0.511661,0.228892
314,1363924553,45.653322,9.276660,0.016549,0.016680,4.014777,4.024060,0.793462,0.231219
315,1363924559,45.653437,9.276552,0.015302,0.015320,4.030079,4.039380,0.119668,0.230795
316,1363924564,45.653532,9.276489,0.011630,0.011540,4.041708,4.050920,-0.770391,0.227914
317,1363924565,45.653543,9.276473,0.001747,0.001740,4.043455,4.052660,-0.379334,0.227652
318,1363924569,45.653623,9.276400,0.010519,0.010680,4.053974,4.063340,1.534583,0.231043
319,1363924575,45.653759,9.276276,0.017961,0.018030,4.071934,4.081370,0.385756,0.231726
320,1363924580,45.653880,9.276187,0.015065,0.015070,4.086999,4.096440,0.031831,0.230989
321,1363924586,45.653998,9.276082,0.015496,0.015600,4.102495,4.112040,0.674986,0.232666
322,1363924591,45.654095,9.276013,0.012085,0.012110,4.114580,4.124150,0.207265,0.232591
323,1363924597,45.654208,9.275913,0.014765,0.014770,4.129345,4.138920,0.032759,0.231877
324,1363924603,45.654319,9.275830,0.013888,0.013920,4.143233,4.152840,0.226609,0.231859
325,1363924609,45.654431,9.275748,0.014001,0.014040,4.157234,4.166880,0.282138,0.232028
326,1363924615,45.654551,9.275652,0.015318,0.015320,4.172551,4.182200,0.017959,0.231242
327,1363924620,45.654655,9.275560,0.013576,0.013700,4.186128,4.195900,0.909309,0.233442
328,1363924625,45.654761,9.275464,0.014005,0.014140,4.200133,4.210040,0.963867,0.235877
329,1363924627,45.654804,9.275427,0.005588,0.005680,4.205720,4.215720,1.656916,0.237765
330,1363924629,45.654843,9.275386,0.005300,0.005320,4.211020,4.221040,0.375348,0.237938
331,1363924636,45.654974,9.275267,0.017255,0.017290,4.228275,4.238330,0.204199,0.237801
332,1363924641,45.655063,9.275200,0.011241,0.011190,4.239517,4.249520,-0.457237,0.235958
333,1363924645,45.655139,9.275139,0.009661,0.009650,4.249178,4.259170,-0.117205,0.235155
334,1363924651,45.655252,9.275030,0.015153,0.015140,4.264331,4.274310,-0.086265,0.234012
335,1363924656,45.655355,9.274925,0.014091,0.014110,4.278422,4.288420,0.137352,0.233694
336,1363924660,45.655442,9.274853,0.011186,0.011190,4.289607,4.299610,0.037044,0.233181
337,1363924665,45.655538,9.274721,0.014824,0.014990,4.304432,4.314600,1.119398,0.236233
338,1363924669,45.655606,9.274625,0.010586,0.010690,4.315017,4.325290,0.984722,0.238070
339,1363924675,45.655715,9.274448,0.018316,0.018340,4.333333,4.343630,0.131859,0.237621
340,1363924679,45.655790,9.274358,0.010849,0.010940,4.344182,4.354570,0.835985,0.239115
341,1363924687,45.655929,9.274165,0.021523,0.021500,4.365705,4.376070,-0.105361,0.237417
342,1363924691,45.656003,9.274065,0.011332,0.011370,4.377037,4.387440,0.335252,0.237670
343,1363924696,45.656105,9.273936,0.015155,0.015200,4.392193,4.402640,0.295071,0.237868
344,1363924702,45.656251,9.273764,0.021059,0.021170,4.413252,4.423810,0.524601,0.239236
345,1363924706,45.656336,9.273633,0.013892,0.013930,4.427144,4.437740,0.273188,0.239343
346,1363924710,45.656439,9.273523,0.014220,0.014370,4.441364,4.452110,1.054921,0.241954
347,1363924715,45.656568,9.273381,0.018133,0.018450,4.459497,4.470560,1.748557,0.248080
348,1363924720,45.656674,9.273208,0.017930,0.017980,4.477427,4.488540,0.277713,0.248199
349,1363924725,45.656731,9.273027,0.015438,0.015680,4.492866,4.504220,1.565824,0.252727
350,1363924730,45.656845,9.272907,0.015697,0.015850,4.508563,4.520070,0.971710,0.255230
351,1363924736,45.656940,9.272771,0.014908,0.015020,4.523470,4.535090,0.754427,0.256875
352,1363924741,45.657024,9.272660,0.012745,0.012640,4.536215,4.547730,-0.824301,0.253837
353,1363924746,45.657122,9.272536,0.014557,0.014640,4.550772,4.562370,0.571906,0.254855
354,1363924753,45.657257,9.272366,0.019939,0.019950,4.570712,4.582320,0.052299,0.253971
355,1363924760,45.657363,9.272219,0.016455,0.016530,4.587167,4.598850,0.454921,0.254692
356,1363924765,45.657458,9.272100,0.014004,0.014060,4.601171,4.612910,0.397939,0.255128
357,1363924770,45.657553,9.272000,0.013159,0.013150,4.614331,4.626060,-0.071772,0.254196
358,1363924775,45.657635,9.271867,0.013783,0.013790,4.628114,4.639850,0.047722,0.253581
359,1363924779,45.657709,9.271774,0.010916,0.010940,4.639030,4.650790,0.223308,0.253509
360,1363924785,45.657832,9.271642,0.017138,0.017250,4.656168,4.668040,0.650614,0.254971
361,1363924791,45.657973,9.271546,0.017390,0.017670,4.673558,4.685710,1.608524,0.260008
362,1363924796,45.658090,9.271475,0.014154,0.014270,4.687712,4.699980,0.819362,0.261697
363,1363924801,45.658214,9.271392,0.015162,0.015150,4.702875,4.715130,-0.081442,0.260590
364,1363924807,45.658362,9.271270,0.018985,0.019040,4.721860,4.734170,0.288534,0.260703
365,1363924813,45.658510,9.271166,0.018388,0.018400,4.740248,4.752570,0.063508,0.259938
366,1363924820,45.658651,9.271081,0.017006,0.017100,4.757254,4.769670,0.555915,0.260996
367,1363924826,45.658767,9.270984,0.014961,0.014950,4.772215,4.784620,-0.074955,0.259942
368,1363924831,45.658899,9.270889,0.016427,0.016470,4.788642,4.801090,0.262760,0.259952
369,1363924836,45.659015,9.270800,0.014615,0.014660,4.803257,4.815750,0.306668,0.260094
370,1363924842,45.659185,9.270645,0.022464,0.022620,4.825721,4.838370,0.694293,0.262116
371,1363924846,45.659279,9.270577,0.011682,0.011910,4.837403,4.850280,1.948812,0.266189
372,1363924851,45.659396,9.270521,0.013685,0.013830,4.851088,4.864110,1.059575,0.268427
373,1363924857,45.659520,9.270386,0.017358,0.017710,4.868446,4.881820,2.028766,0.274703
374,1363924858,45.659520,9.270355,0.002441,0.002450,4.870887,4.884270,0.379600,0.274756
375,1363924861,45.659488,9.270255,0.008550,0.008590,4.879437,4.892860,0.462278,0.275084
376,1363924866,45.659419,9.270078,0.015717,0.015740,4.895154,4.908600,0.147427,0.274674
377,1363924872,45.659303,9.269858,0.021420,0.021470,4.916575,4.930070,0.230408,0.274482
378,1363924873,45.659287,9.269821,0.003381,0.003380,4.919955,4.933450,-0.008856,0.274287
379,1363924879,45.659178,9.269568,0.023107,0.023170,4.943063,4.956620,0.271381,0.274273
380,1363924885,45.659095,9.269305,0.022426,0.022530,4.965489,4.979150,0.461815,0.275120
381,1363924892,45.658983,9.269073,0.021920,0.021970,4.987409,5.001120,0.228276,0.274914
382,1363924897,45.658917,9.268919,0.014000,0.014130,5.001409,5.015250,0.930613,0.276750
383,1363924898,45.658921,9.268879,0.003122,0.003130,5.004530,5.018380,0.256510,0.276737
384,1363924901,45.658958,9.268777,0.009012,0.009100,5.013543,5.027480,0.977179,0.277996
385,1363924905,45.659045,9.268682,0.012092,0.012300,5.025635,5.039780,1.716212,0.281457
386,1363924906,45.659068,9.268662,0.002994,0.003000,5.028629,5.042780,0.190818,0.281403
387,1363924913,45.659231,9.268529,0.020919,0.020930,5.049548,5.063710,0.052808,0.280456
388,1363924919,45.659375,9.268403,0.018769,0.018800,5.068317,5.082510,0.164078,0.280025
389,1363924925,45.659512,9.268277,0.018047,0.018150,5.086364,5.100660,0.573483,0.281066
390,1363924931,45.659657,9.268185,0.017627,0.017670,5.103991,5.118330,0.245603,0.280944
391,1363924937,45.659817,9.268111,0.018695,0.018830,5.122686,5.137160,0.721389,0.282551
392,1363924938,45.659837,9.268088,0.002920,0.002880,5.125606,5.140040,-1.370725,0.281609
393,1363924941,45.659893,9.268044,0.007112,0.007020,5.132717,5.147060,-1.286947,0.279436
394,1363924942,45.659893,9.268005,0.003047,0.002820,5.135764,5.149880,-7.444994,0.274854
395,1363924944,45.659862,9.267906,0.008413,0.008190,5.144177,5.158070,-2.647674,0.270074
396,1363924948,45.659916,9.267765,0.012469,0.013750,5.156646,5.171820,10.269534,0.294254
397,1363924949,45.659934,9.267721,0.003939,0.003470,5.160585,5.175290,-11.894805,0.284951
398,1363924954,45.660034,9.267602,0.014466,0.013820,5.175051,5.189110,-4.469260,0.271661
399,1363924960,45.660217,9.267505,0.021708,0.021710,5.196759,5.210820,0.009628,0.270567
400,1363924962,45.660258,9.267462,0.005643,0.005840,5.202403,5.216660,3.489290,0.274058
401,1363924964,45.660240,9.267387,0.006236,0.006340,5.208639,5.223000,1.663459,0.275722
402,1363924969,45.660176,9.267220,0.014754,0.014800,5.223393,5.237800,0.311449,0.275823
403,1363924975,45.660116,9.267010,0.017625,0.017660,5.241017,5.255460,0.200931,0.275571
404,1363924980,45.660050,9.266827,0.016067,0.016130,5.257085,5.271590,0.389733,0.275920
405,1363924981,45.660030,9.266798,0.003091,0.003100,5.260175,5.274690,0.301515,0.275935
406,1363924984,45.659957,9.266755,0.008836,0.008860,5.269011,5.283550,0.275324,0.275934
407,1363924987,45.659885,9.266760,0.007936,0.008110,5.276947,5.291660,2.198158,0.278824
408,1363924988,45.659863,9.266780,0.002986,0.002970,5.279933,5.294630,-0.546088,0.278358
409,1363924993,45.659748,9.266874,0.014710,0.014710,5.294642,5.309340,0.001966,0.277590
410,1363924994,45.659725,9.266892,0.002851,0.002840,5.297493,5.312180,-0.368951,0.277242
411,1363924998,45.659608,9.266980,0.014736,0.014780,5.312230,5.326960,0.295042,0.277292
412,1363925003,45.659470,9.266983,0.015326,0.015970,5.327555,5.342930,4.206767,0.288595
413,1363925008,45.659297,9.266951,0.019417,0.019550,5.346972,5.362480,0.684342,0.290032
414,1363925013,45.659142,9.267041,0.018633,0.018900,5.365605,5.381380,1.433864,0.294004
415,1363925018,45.659007,9.267199,0.019427,0.019450,5.385032,5.400830,0.119114,0.293373
416,1363925023,45.658882,9.267378,0.019628,0.019690,5.404660,5.420520,0.314271,0.293449
417,1363925028,45.658760,9.267552,0.019104,0.019120,5.423764,5.439640,0.083128,0.292709
418,1363925033,45.658630,9.267736,0.020338,0.020420,5.444103,5.460060,0.401250,0.293114
419,1363925038,45.658500,9.267917,0.020196,0.020220,5.464299,5.480280,0.115490,0.292458
420,1363925041,45.658423,9.267982,0.009916,0.010140,5.474215,5.490420,2.255818,0.296014
421,1363925042,45.658397,9.267973,0.002946,0.002940,5.477161,5.493360,-0.194092,0.295751
422,1363925046,45.658296,9.267818,0.016521,0.016540,5.493682,5.509900,0.117336,0.295214
423,1363925048,45.658306,9.267715,0.008057,0.007750,5.501739,5.517650,-3.813942,0.289196
424,1363925049,45.658333,9.267660,0.005223,0.005130,5.506963,5.522780,-1.791878,0.287222
425,1363925054,45.658412,9.267413,0.021146,0.021240,5.528108,5.544020,0.446170,0.287830
426,1363925059,45.658524,9.267224,0.019261,0.019420,5.547369,5.563440,0.824922,0.289695
427,1363925064,45.658617,9.267076,0.015460,0.015510,5.562829,5.578950,0.325322,0.289794
428,1363925069,45.658706,9.266948,0.013975,0.013990,5.576804,5.592940,0.108015,0.289339
429,1363925074,45.658786,9.266840,0.012279,0.012270,5.589083,5.605210,-0.071046,0.288547
430,1363925079,45.658877,9.266727,0.013361,0.013340,5.602444,5.618550,-0.161623,0.287473
431,1363925084,45.658984,9.266623,0.014385,0.014490,5.616829,5.633040,0.734660,0.288618
432,1363925090,45.659103,9.266499,0.016424,0.016470,5.633253,5.649510,0.278723,0.288590
433,1363925094,45.659183,9.266378,0.012929,0.013060,5.646182,5.662570,1.011275,0.290244
434,1363925099,45.659303,9.266234,0.017412,0.017490,5.663594,5.680060,0.447496,0.290728
435,1363925104,45.659416,9.266052,0.018912,0.018830,5.682506,5.698890,-0.433428,0.288318
436,1363925110,45.659553,9.265858,0.021441,0.021560,5.703948,5.720450,0.554837,0.289320
437,1363925116,45.659690,9.265669,0.021189,0.021280,5.725136,5.741730,0.429146,0.289837
438,1363925121,45.659807,9.265507,0.018072,0.018050,5.743208,5.759780,-0.121152,0.288544
439,1363925125,45.659904,9.265380,0.014633,0.014630,5.757841,5.774410,-0.018311,0.287764
440,1363925130,45.660028,9.265209,0.019150,0.019140,5.776991,5.793550,-0.054997,0.286628
441,1363925135,45.660171,9.265059,0.019712,0.019740,5.796703,5.813290,0.143707,0.286142
442,1363925139,45.660241,9.264956,0.011158,0.012070,5.807862,5.825360,8.167891,0.301285
443,1363925142,45.660159,9.264807,0.014763,0.014760,5.822625,5.840120,-0.018535,0.300474
444,1363925147,45.660010,9.264574,0.024553,0.024590,5.847178,5.864710,0.150320,0.299843
445,1363925148,45.659982,9.264536,0.004222,0.004230,5.851399,5.868940,0.199175,0.299771
446,1363925153,45.659858,9.264339,0.020587,0.020620,5.871986,5.889560,0.160235,0.299282
447,1363925154,45.659834,9.264297,0.004278,0.004280,5.876265,5.893840,0.031747,0.299087
448,1363925159,45.659693,9.264096,0.022144,0.022210,5.898409,5.916050,0.297281,0.299080
449,1363925160,45.659665,9.264060,0.004179,0.004180,5.902587,5.920230,0.037811,0.298895
450,1363925164,45.659562,9.263896,0.017125,0.017340,5.919712,5.937570,1.256642,0.301666
451,1363925168,45.659469,9.263735,0.016270,0.016300,5.935982,5.953870,0.188287,0.301355
452,1363925172,45.659408,9.263533,0.017076,0.017760,5.953058,5.971630,4.002133,0.311971
453,1363925173,45.659421,9.263489,0.003740,0.003710,5.956798,5.975340,-0.800527,0.311272
454,1363925175,45.659494,9.263405,0.010366,0.010260,5.967164,5.985600,-1.023083,0.308954
455,1363925178,45.659586,9.263276,0.014402,0.014410,5.981566,6.000010,0.055444,0.308344
456,1363925179,45.659616,9.263222,0.005339,0.005340,5.986904,6.005350,0.034150,0.308099
457,1363925179,45.659616,9.263222,0.000000,0.000000,5.986904,6.005350,0.000000,0.308099
458,1363925180,45.659650,9.263176,0.005249,0.005250,5.992154,6.010600,0.018128,0.307845
459,1363925184,45.659787,9.263045,0.018287,0.018780,6.010440,6.029380,2.696054,0.315111
